subject,observed_cv_accuracy,permutation_mean,permutation_std,p_value,n_permutations,elapsed_minutes
sub-001,0.32499999999999996,0.1000125,0.014698941170294471,0.000999000999000999,1000,65.30525210301082
sub-002,0.3416666666666666,0.10052291666666667,0.014393405939825748,0.000999000999000999,1000,62.9475396156311
sub-003,0.39999999999999997,0.09971875,0.014859114854890696,0.000999000999000999,1000,70.08628576199213
sub-004,0.27083333333333326,0.09886458333333333,0.014382240779043747,0.000999000999000999,1000,68.3053523659706
sub-005,0.35833333333333334,0.10035416666666666,0.015477512248958703,0.000999000999000999,1000,66.85917239586512
